"Hydrogen","M|O|O|N","Moon - EP"
"Case Logic","M|O|O|N","Day / Night"
"Nine Years","Ticklah","Ticklah Vs. Axelrod"
"1977","Ana Tijoux","1977"
"Slow","Kylie Minogue","The Best of Kylie Minogue"
"Hollywood","Madonna","American Life"
"Survivalism (Tardusted Remix)","Nine Inch Nails","Survivalism (International Version)"
"Space Invader","Pretenders","Pretenders [Expanded & Remastered]"
"Dust","M|O|O|N","Particles"
"Just Cruisin'","Will Smith","Greatest Hits"
"Fur-lined","How To Destroy Angels","Welcome oblivion"
"TKOL (Altrice RMX)","Radiohead","Give Up The Ghost (Brokenchord RMX)"
